title,brand,brand_version,is_strict,year,month,distance,disaplacement,city,transmission,price,guiding_price
本田 雅阁 2012款 2.0L MT 严选车0过户,本田,雅阁,严选车,2012,03,4.58,2.0,,手动,7.57,20.30
大众 途锐 2011款 3.0TSI 标配型(进口) 严选车0过户,大众,途锐,严选车,2014,09,6.84,3.0,,自动,29.69,78.20
现代 索纳塔九 2015款 2.4L TOP旗舰型 严选车0过户,现代,索纳塔九,严选车,2015,08,7.97,2.4,唐山,自动,13.59,27.10
福特 蒙迪欧 2013款 2.0L GTDi200豪华型 严选车0过户,福特,蒙迪欧,严选车,2015,09,2.92,2.0,,自动,12.99,24.20
起亚KX5 2016款 1.6T 自动两驱Premium 严选车0过户,起亚KX5,,严选车,2016,12,2.1,1.6,,自动,11.44,21.00
Smart smart fortwo 2012款 1.0 MHD 硬顶标准版 严选车,Smart,smart,严选车,2014,05,4.21,1.0,,自动,5.32,12.50
福特 蒙迪欧 2013款 1.5L GTDi180时尚型 严选车0过户,福特,蒙迪欧,严选车,2016,08,3.25,1.5,北京,自动,11.16,20.60
斯柯达 明锐 2010款 1.6L 手动逸俊版 严选车0过户,斯柯达,明锐,严选车,2011,04,7.79,1.6,北京,手动,4.25,14.90
宝马3系 2013款 320Li 时尚型 严选车降价急售0过户,宝马3系,,严选车,2012,12,15.28,2.0,,自动,13.90,14.25
日产 西玛 2016款 2.5L XE 精英版 严选车,日产,西玛,严选车,2017,01,2.58,2.5,,自动,15.54,25.50
奥迪A3 2016款 Sportback 35 TFSI 领英型 严选车,奥迪A3,,严选车,2016,10,4.29,1.4,北京,自动,13.80,22.70
奔驰A级(进口) 2013款 A 200 都市型(进口) 严选车0过户,奔驰A级(进口),,严选车,2014,08,6.46,1.6,,自动,13.34,30.20
马自达8 2015款 2.5L 精英版 严选车降价急售0过户,马自达8,,严选车,2015,01,8.61,2.5,,自动,12.23,12.71
奔驰GLA级 2018款 GLA 200 动感型 严选车准新车0过户,奔驰GLA级,,严选车,2018,09,0.57,1.6,,自动,22.87,29.30
宝马3系 2012款 318i领先型(进口) 严选车0过户,宝马3系,,严选车,2012,03,5.39,2.0,,自动,11.32,32.50
三菱 帕杰罗・劲畅 2011款 3.0L 豪华导航版(进口) 严选车降价急售0过户,三菱,帕杰罗・劲畅,严选车,2012,05,13.05,3.0,,自动,12.14,12.33
宝马1系 2017款 118i 时尚型 严选车,宝马1系,,严选车,2017,12,5.41,1.5,,自动,12.80,22.20
奥迪A1 2012款 1.4 TFSI Ego(进口) 严选车0过户,奥迪A1,,严选车,2012,12,5.49,1.4,,自动,9.00,27.10
英菲尼迪G系列 2013款 G25 Sedan 豪华运动版(进口) 严选车0过户,英菲尼迪G系列,,严选车,2013,11,7.68,2.5,,自动,16.00,40.80
奔驰C级 2015款 改款 C 180 L 运动型 严选车降价急售0过户,奔驰C级,,严选车,2015,05,1.94,1.6,,自动,22.82,23.93
奥迪Q5 2012款 2.0TFSI 技术型 严选车降价急售0过户,奥迪Q5,,严选车,2013,03,6.17,2.0,,自动,18.00,18.1
宝马5系 2013款 520Li 典雅型 严选车0过户,宝马5系,,严选车,2013,07,7.92,2.0,,自动,20.51,46.50
别克GL8 2014款 2.4L 行政版 严选车0过户,别克GL8,,严选车,2016,06,2.19,2.4,,自动,14.57,26.90
宝马5系 2014款 520Li 典雅型 严选车降价急售0过户,宝马5系,,严选车,2014,01,8.13,2.0,,自动,23.56,24.14
大众 帕萨特 2014款 1.8TSI DSG御尊版 严选车0过户,大众,帕萨特,严选车,2014,10,5.33,1.8,,自动,12.89,26.00
别克GL8 2014款 2.4L CT豪华商务舒适版 严选车0过户,别克GL8,,严选车,2015,10,2.96,2.4,,自动,18.32,31.50
奔驰B级 2009款 B 200 豪华型(进口) 严选车降价急售0过户,奔驰B级,,严选车,2012,04,8.28,2.0,,自动,8.46,8.86
奥迪Q3 2015款 30 TFSI 舒适型 严选车降价急售0过户,奥迪Q3,,严选车,2016,01,2.04,1.4,,自动,17.29,17.63
观致5 2016款 1.6T 自动豪华型 严选车0过户,观致5,,严选车,2016,09,3.46,1.6,,自动,8.67,21.20
大众 桑塔纳 2016款 1.4L 手动风尚版 严选车准新车,大众,桑塔纳,严选车,2018,04,1.93,1.4,,手动,5.10,9.20
Smart smart fortwo 2011款 1.0 MHD 硬顶标准版 严选车,Smart,smart,严选车,2012,03,4.74,1.0,北京,自动,4.14,12.50
别克 英朗 2012款 GT 1.6L 手动舒适版 严选车0过户,别克,英朗,严选车,2012,08,11.39,1.6,,手动,4.32,14.40
标致508 2015款 1.6THP 自动致臻版 严选车0过户,标致508,,严选车,2016,06,2.22,1.6,,自动,12.03,23.80
沃尔沃XC60 2011款 T6 AWD智尊版(进口) 严选车降价急售0过户,沃尔沃XC60,,严选车,2013,01,9.52,3.0,,自动,15.71,16.1
现代 全新胜达 2017款 2.0T 自动四驱智能型 7座 严选车准新车0过户,现代,全新胜达,严选车,2018,09,1.19,2.0,,自动,17.16,27.10
北汽绅宝 绅宝X55 2016款 1.5L 手动舒适版 严选车,北汽绅宝,绅宝X55,严选车,2016,04,3.5,1.5,,手动,4.12,8.70
福特 蒙迪欧 2013款 2.0L GTDi240豪华运动型 严选车降价急售0过户,福特,蒙迪欧,严选车,2014,05,14.02,2.0,,自动,9.79,10.03
大众 途观 2013款 1.8TSI 自动四驱豪华型 严选车降价急售,大众,途观,严选车,2014,05,8.01,1.8,,自动,13.30,13.51
标致308S 2015款 1.2T 自动劲驰版 严选车0过户,标致308S,,严选车,2016,11,3.45,1.2,,自动,7.74,15.70
宝马3系 2010款 320i豪华型(进口) 严选车降价急售0过户,宝马3系,,严选车,2011,05,8,2.0,,自动,10.71,10.97
奇瑞E3 2013款 1.5L 手动智尚型 严选车0过户,奇瑞E3,,严选车,2015,04,1.86,1.5,,手动,2.60,6.60
大众 途观 2010款 1.8TSI 自动四驱菁英版 严选车0过户,大众,途观,严选车,2011,04,7.11,1.8,,自动,9.89,29.00
日产 阳光 2011款 1.5XL CVT豪华版 严选车降价急售0过户,日产,阳光,严选车,2012,09,5.44,1.5,,自动,4.36,4.42
福特 嘉年华 2013款 三厢 1.5L 自动时尚型 严选车0过户,福特,嘉年华,严选车,2014,07,3.43,1.5,,自动,4.43,10.70
现代 名图 2014款 2.0L 自动至尊型LUX 严选车,现代,名图,严选车,2014,04,9.21,2.0,北京,自动,7.85,19.20
标致308 2014款 乐享版 经典 1.6L 自动优尚型 严选车0过户,标致308,,严选车,2017,01,0.87,1.6,,自动,6.92,12.60
北汽绅宝 绅宝X55 2016款 1.5T CVT豪华版 严选车准新车0过户,北汽绅宝,绅宝X55,严选车,2018,09,2.08,1.5,北京,自动,6.38,13.00
哈弗H2 2014款 1.5T 手动两驱精英版 严选车降价急售0过户,哈弗H2,,严选车,2015,03,4.09,1.5,,手动,5.23,5.44
雪佛兰 科鲁兹 2012款 1.6L SE MT 严选车0过户,雪佛兰,科鲁兹,严选车,2012,05,13.31,1.6,,手动,2.89,13.00
大众 捷达 2013款 1.6L 手动舒适型 严选车降价急售0过户,大众,捷达,严选车,2014,09,2.59,1.6,,手动,5.00,5.12
别克 昂科拉 2013款 1.4T 自动两驱精英型 严选车,别克,昂科拉,严选车,2013,12,6.78,1.4,,自动,6.28,17.40
本田CR-V 2013款 2.4L 两驱豪华版 严选车降价急售0过户,本田CR-V,,严选车,2013,11,11.35,2.4,,自动,12.27,12.57
奇瑞 艾瑞泽5 2016款 1.5L 手动领潮版 严选车0过户,奇瑞,艾瑞泽5,严选车,2016,06,3.52,1.5,,手动,3.72,6.90
现代ix25 2015款 1.6L 自动两驱智能型GLS 严选车降价急售0过户,现代ix25,,严选车,2015,06,12.32,1.6,,自动,7.20,7.5
日产 逍客 2011款 2.0XL 火 CVT 2WD 严选车降价急售0过户,日产,逍客,严选车,2012,05,4.87,2.0,,自动,6.99,7.26
雪佛兰 创酷 2016款 1.4T 手动两驱舒适天窗版 严选车0过户,雪佛兰,创酷,严选车,2016,04,2.19,1.4,,手动,5.91,11.90
荣威i6 2017款 20T 自动旗舰版 严选车0过户,荣威i6,,严选车,2017,09,2.46,1.5,,自动,7.80,12.70
马自达6 2011款 2.0L 自动时尚型 严选车0过户,马自达6,,严选车,2012,02,9.87,2.0,,自动,5.13,19.50
大众 高尔夫 2011款 1.4TSI 自动舒适型 严选车0过户,大众,高尔夫,严选车,2011,09,6.06,1.4,,自动,6.21,16.30
别克 君威 2012款 2.0L 舒适版 严选车,别克,君威,严选车,2013,03,4.32,2.0,,自动,6.82,20.20
现代 朗动 2013款 1.6L 自动尊贵型 严选车,现代,朗动,严选车,2014,11,5.63,1.6,,自动,5.99,14.60
陆风X2 2017款 1.6L 手动劲锐版 严选车准新车,陆风X2,,严选车,2018,06,0.91,1.6,,手动,4.37,7.30
本田 缤智 2017款 1.5L CVT两驱舒适型 严选车0过户,本田,缤智,严选车,2017,06,1.45,1.5,,自动,11.10,14.80
本田CR-V 2012款 2.0L 两驱都市版 严选车降价急售0过户,本田CR-V,,严选车,2013,10,3.32,2.0,,自动,11.70,12.19
大众 宝来 2016款 1.6L 自动舒适型 严选车0过户,大众,宝来,严选车,2017,02,5.7,1.6,,自动,8.80,14.30
福特 蒙迪欧 2013款 1.5L GTDi180时尚型 严选车,福特,蒙迪欧,严选车,2015,11,5.26,1.5,,自动,11.16,20.60
日产 轩逸 2012款 1.6XL CVT豪华版 严选车,日产,轩逸,严选车,2014,07,12.96,1.6,,自动,6.80,14.70
哈弗H6 2015款 升级版 1.5T 手动两驱精英型 严选车降价急售0过户,哈弗H6,,严选车,2015,11,4.93,1.5,,手动,5.52,5.6
起亚K2 2011款 三厢 1.4L MT GLS 严选车,起亚K2,,严选车,2011,12,5.41,1.4,,手动,2.75,8.50
别克 君越 2016款 28T 旗舰型 严选车降价急售0过户,别克,君越,严选车,2016,04,3.68,2.0,,自动,19.28,20.1
现代 新胜达 2011款 2.4 舒适版 五座两驱(进口) 严选车降价急售0过户,现代,新胜达,严选车,2011,10,12.03,2.4,,自动,6.82,6.98
福特 蒙迪欧 2013款 1.5L GTDi180时尚型 严选车降价急售0过户,福特,蒙迪欧,严选车,2014,03,4.32,1.5,,自动,9.62,9.85
福特 蒙迪欧 2013款 1.5L GTDi180时尚型 严选车降价急售0过户,福特,蒙迪欧,严选车,2014,03,4.32,1.5,,自动,9.62,9.85
北京BJ80 2016款 2.3T 自动尊贵版 严选车0过户,北京BJ80,,严选车,2017,04,4.26,2.3,,自动,18.96,32.30
启辰R50X 2013款 1.6L 自动版 严选车0过户,启辰R50X,,严选车,2013,12,2.56,1.6,,自动,4.25,9.60
福特 翼虎 2015款 1.5L GTDi 四驱精英型 严选车降价急售0过户,福特,翼虎,严选车,2015,05,8.07,1.5,,自动,11.90,12.37
别克 君越 2018款 28T 精英型 严选车降价急售准新车0过户,别克,君越,严选车,2018,01,1.64,2.0,,自动,19.04,19.51
奥迪A6L 2012款 TFSI 标准型 严选车0过户,奥迪A6L,,严选车,2013,03,14.81,2.0,,自动,19.56,44.50
福特 蒙迪欧 2013款 2.0L GTDi240豪华运动型 严选车降价急售0过户,福特,蒙迪欧,严选车,2014,11,10.43,2.0,,自动,10.91,11.18
现代ix35 2013款 2.0L 自动两驱智能型GLS 国IV 严选车0过户,现代ix35,,严选车,2015,04,6,2.0,,自动,8.75,21.40
别克 君越 2012款 2.4L SIDI雅致版 严选车0过户,别克,君越,严选车,2013,12,5.31,2.4,北京,自动,9.54,25.60
宝马5系 2014款 525Li 豪华设计套装 严选车降价急售0过户,宝马5系,,严选车,2015,12,12.73,2.0,,自动,27.86,28.22
凯迪拉克XTS 2013款 28T 领先型 严选车降价急售0过户,凯迪拉克XTS,,严选车,2014,01,14.49,2.0,,自动,16.28,16.68
别克GL8 2014款 2.4L 经典版 严选车0过户,别克GL8,,严选车,2017,01,3.78,2.4,,自动,14.38,22.70
MG 名爵ZS 2017款 1.5L 手动尊享互联网版 严选车0过户,MG,名爵ZS,严选车,2017,05,2.51,1.5,,手动,6.06,10.50
奔驰GLA级 2015款 GLA 220 4MATIC 时尚型 严选车0过户,奔驰GLA级,,严选车,2016,03,4.93,2.0,北京,自动,21.66,34.70
雪佛兰 乐风RV 2016款 1.5L 自动畅行版 严选车0过户,雪佛兰,乐风RV,严选车,2016,09,2.79,1.5,廊坊,自动,4.40,9.00
别克 凯越 2011款 1.6LE-MT 严选车,别克,凯越,严选车,2012,08,7.08,1.6,,手动,2.96,11.70
别克GL8 2014款 2.4L 经典版 严选车0过户,别克GL8,,严选车,2015,09,5.55,2.4,,自动,12.27,22.70
雪佛兰 科帕奇 2014款 2.4L 四驱旗舰版 7座 严选车降价急售0过户,雪佛兰,科帕奇,严选车,2013,11,2.06,2.4,天津,自动,8.59,8.93
大众 途观 2015款 1.8TSI 自动两驱豪华型 严选车0过户,大众,途观,严选车,2015,01,6.08,1.8,,自动,14.48,28.20
丰田 汉兰达 2012款 2.7L 两驱7座豪华版 严选车0过户,丰田,汉兰达,严选车,2013,09,11.38,2.7,,自动,16.49,32.40
本田 思铂睿 2009款 2.4L 尊贵版 严选车0过户,本田,思铂睿,严选车,2012,11,6.67,2.4,,自动,9.58,27.10
奥迪A6L 2012款 35 FSI 舒适型 严选车0过户,奥迪A6L,,严选车,2012,12,9.03,2.8,,自动,20.65,59.90
别克 英朗 2010款 XT 1.6T 新锐运动版 严选车降价急售0过户,别克,英朗,严选车,2011,07,6.55,1.6,,自动,4.87,4.94
福特 蒙迪欧 2013款 2.0L GTDi200豪华型 严选车降价急售0过户,福特,蒙迪欧,严选车,2014,03,7.35,2.0,,自动,10.77,11.23
传祺GA6 2016款 235T 自动豪华版 严选车0过户,传祺GA6,,严选车,2017,12,6.15,1.5,,自动,7.79,14.80
标致3008 2015款 2.0L 自动经典版 严选车,标致3008,,严选车,2016,06,3.68,2.0,,自动,8.05,18.60
现代 朗动 2012款 1.6L 自动时尚型 严选车0过户,现代,朗动,严选车,2013,08,5.78,1.6,唐山,自动,5.48,12.60
雪佛兰 科帕奇 2012款 2.4L 四驱旗舰版 7座 严选车降价急售0过户,雪佛兰,科帕奇,严选车,2013,01,5.76,2.4,,自动,9.18,9.45
雪佛兰 科沃兹 2016款 1.5L 自动欣悦版 严选车0过户,雪佛兰,科沃兹,严选车,2017,09,1.8,1.5,,自动,6.56,10.80
奥迪A6L 2016款 45 TFSI quattro 运动型 严选车降价急售0过户,奥迪A6L,,严选车,2016,07,2.88,3.0,,自动,33.92,34.46
别克 君威 2014款 GS 2.0T 豪情运动版 严选车0过户,别克,君威,严选车,2014,05,8.17,2.0,,自动,9.45,26.00
奥迪A6L 2014款 30 FSI 技术型 严选车降价急售0过户,奥迪A6L,,严选车,2015,07,11.98,2.5,,自动,24.90,25.75
吉利 博瑞 2015款 1.8T 舒适型 严选车,吉利,博瑞,严选车,2016,03,4.13,1.8,,自动,7.41,15.20
丰田 RAV4 2011款 2.0L 自动四驱版 严选车0过户,丰田,RAV4,严选车,2012,09,7.27,2.0,廊坊,自动,9.47,23.60
日产 阳光 2015款 1.5XE CVT舒适版 严选车0过户,日产,阳光,严选车,2016,06,3.31,1.5,石家庄,自动,5.61,9.70
福特 蒙迪欧 2013款 1.5L GTDi180时尚型 严选车降价急售,福特,蒙迪欧,严选车,2014,10,9.24,1.5,,自动,8.50,8.95
哈弗H9 2017款 2.0T 汽油四驱尊享型 5座 严选车0过户,哈弗H9,,严选车,2017,08,2.85,2.0,,自动,19.22,27.80
宝马5系 2014款 520Li 典雅型 严选车0过户,宝马5系,,严选车,2014,09,6.17,2.0,,自动,24.53,47.30
别克 君越 2016款 28T 豪华型 严选车降价急售0过户,别克,君越,严选车,2017,07,0.64,2.0,,自动,20.09,20.58
奥迪A6L 2012款 TFSI 标准型 严选车降价急售0过户,奥迪A6L,,严选车,2013,11,12.03,2.0,,自动,19.50,20.15
马自达 昂克赛拉 2014款 两厢 1.5L 自动豪华型 严选车0过户,马自达,昂克赛拉,严选车,2014,11,7.86,1.5,,自动,7.75,15.10
大众CC 2013款 2.0TSI 至尊型 严选车降价急售0过户,大众CC,,严选车,2013,12,11.66,2.0,,自动,13.80,14.25
奥迪Q5 2012款 2.0TFSI 舒适型 严选车降价急售0过户,奥迪Q5,,严选车,2012,06,15.99,2.0,,自动,15.28,15.97
北汽绅宝 绅宝D70 2013款 2.0T 豪华版 严选车,北汽绅宝,绅宝D70,严选车,2014,07,4.28,2.0,,自动,4.67,19.70
别克GL8 2014款 2.4L 经典版 严选车降价急售,别克GL8,,严选车,2015,11,9.79,2.4,,自动,10.80,11.02
福特 福克斯 2012款 两厢 1.6L 自动风尚型 严选车0过户,福特,福克斯,严选车,2012,11,9.02,1.6,,自动,4.77,15.60
日产 逍客 2011款 2.0XV 雷 CVT 2WD 严选车降价急售0过户,日产,逍客,严选车,2011,06,11.9,2.0,,自动,6.28,6.78
大众 途观 2012款 2.0TSI 自动四驱菁英版 严选车,大众,途观,严选车,2012,04,7.33,2.0,,自动,10.86,31.10
长安 奔奔 2015款 1.4L 手动尊贵型 国V 严选车,长安,奔奔,严选车,2015,10,2,1.4,,手动,2.77,5.30
大众 迈腾 2017款 330TSI DSG 尊贵型 严选车0过户,大众,迈腾,严选车,2017,02,4.65,1.8,北京,自动,18.17,28.10
英菲尼迪QX50 2015款 2.5L 舒适版 严选车降价急售0过户,英菲尼迪QX50,,严选车,2015,04,6.39,2.5,,自动,18.85,19.31
大众 速腾 2012款 1.4TSI 手动豪华型 严选车降价急售,大众,速腾,严选车,2012,09,10.65,1.4,,手动,5.25,5.53
本田CR-V 2015款 2.4L 两驱豪华版 严选车降价急售,本田CR-V,,严选车,2016,05,5.88,2.4,,自动,15.10,15.65
别克 君威 2014款 2.0L 领先时尚型 严选车,别克,君威,严选车,2014,04,7.85,2.0,,自动,7.83,19.40
大众 朗逸 2018款 280TSI DSG舒适版 严选车准新车0过户,大众,朗逸,严选车,2018,11,0.32,1.4,,自动,12.26,15.90
奥迪Q3 2015款 35 TFSI 进取型 严选车降价急售,奥迪Q3,,严选车,2014,12,9.31,2.0,,自动,14.57,15.15
大众 速腾 2011款 1.6L 自动特别版 严选车降价急售,大众,速腾,严选车,2011,12,13.95,1.6,,自动,4.70,4.77
奥迪Q3 2015款 30 TFSI 进取型 严选车0过户,奥迪Q3,,严选车,2015,03,6.5,1.4,,自动,15.62,29.00
现代 新胜达 2012款 2.4 至尊版 七座四驱(进口) 严选车降价急售0过户,现代,新胜达,严选车,2012,08,13.11,2.4,,自动,8.30,8.5
吉利 帝豪 2014款 三厢 1.5L 手动精英型 严选车,吉利,帝豪,严选车,2013,03,7.81,1.5,,手动,2.84,8.30
福特 蒙迪欧 2013款 2.0L GTDi240豪华运动型 严选车降价急售0过户,福特,蒙迪欧,严选车,2014,12,6.29,2.0,石家庄,自动,11.07,11.51
雪铁龙 世嘉 2013款 两厢 1.6L 手动乐尚型 严选车降价急售0过户,雪铁龙,世嘉,严选车,2013,12,6.05,1.6,保定,手动,3.40,3.49
宝马3系 2013款 320Li 时尚型 严选车降价急售0过户,宝马3系,,严选车,2012,09,6.89,2.0,,自动,14.74,15.42
路虎 揽胜极光 2015款 2.0T 五门智耀版 严选车降价急售,路虎,揽胜极光,严选车,2015,05,5.4,2.0,,自动,21.11,21.63
丰田 卡罗拉 2014款 1.6L CVT GL-i真皮版 严选车0过户,丰田,卡罗拉,严选车,2015,10,6.18,1.6,,自动,8.30,14.60
别克GL8 2014款 2.4L 经典版 严选车0过户,别克GL8,,严选车,2015,03,5.6,2.4,,自动,11.79,22.70
大众 途观 2012款 2.0TSI 自动四驱旗舰版 严选车降价急售,大众,途观,严选车,2012,07,9.91,2.0,,自动,10.90,11.42
雪佛兰 迈锐宝 2013款 2.4L 自动豪华版 严选车降价急售0过户,雪佛兰,迈锐宝,严选车,2014,02,4.53,2.4,,自动,8.33,8.6
雪佛兰 科帕奇 2012款 2.4L 四驱旗舰版 7座 严选车降价急售0过户,雪佛兰,科帕奇,严选车,2012,09,14.69,2.4,,自动,7.27,7.6
本田CR-V 2010款 2.0L 自动两驱都市版 严选车降价急售0过户,本田CR-V,,严选车,2011,05,7.8,2.0,,自动,8.75,8.96
大众 途观 2010款 2.0TSI 自动四驱菁英版 严选车0过户,大众,途观,严选车,2011,09,7.39,2.0,,自动,11.58,30.60
奔腾X80 2013款 2.3L 自动豪华型 严选车降价急售0过户,奔腾X80,,严选车,2013,09,9.51,2.3,,自动,5.61,5.93
标致3008 2013款 1.6THP 自动至尚版 严选车降价急售,标致3008,,严选车,2013,04,10.4,1.6,,自动,7.30,7.53
日产 轩逸 2016款 1.6XV CVT智享版 严选车0过户,日产,轩逸,严选车,2016,07,1.3,1.6,唐山,自动,9.47,15.20
福特 锐界 2015款 2.0T GTDi 两驱豪锐型 严选车降价急售0过户,福特,锐界,严选车,2015,08,12.22,2.0,,自动,16.82,17.49
福特 探险者 2013款 3.5L 尊享型(进口) 严选车0过户,福特,探险者,严选车,2014,03,8.21,3.5,,自动,19.40,54.30
路虎 揽胜极光 2015款 2.0T 五门智耀版 严选车降价急售,路虎,揽胜极光,严选车,2015,05,5.4,2.0,,自动,21.11,21.63
马自达 昂克赛拉 2014款 两厢 2.0L 自动旗舰型 严选车降价急售0过户,马自达,昂克赛拉,严选车,2015,09,4.17,2.0,,自动,9.70,9.85
别克 英朗 2015款 18T 双离合豪华型 严选车降价急售0过户,别克,英朗,严选车,2015,12,3.02,1.4,,自动,7.80,7.95
现代 悦动 2010款 1.6L AT GLS 严选车降价急售,现代,悦动,严选车,2011,09,9.72,1.6,,自动,3.40,3.44
哈弗H1 2015款 1.5L 手动都市型 严选车降价急售0过户,哈弗H1,,严选车,2014,12,8.71,1.5,,手动,3.10,3.14
雪佛兰 迈锐宝 2013款 2.4L 自动豪华版 严选车降价急售0过户,雪佛兰,迈锐宝,严选车,2014,02,4.53,2.4,,自动,8.33,8.6
纳智捷 优6 SUV 2014款 2.0T 时尚型 严选车0过户,纳智捷,优6,严选车,2014,10,9.33,2.0,,自动,5.60,17.30
哈弗H2 2016款 红标 1.5T 自动两驱精英型 严选车,哈弗H2,,严选车,2016,07,2.38,1.5,,自动,6.44,12.70
长安CS75 2014款 1.8T 自动精英型 国IV 严选车降价急售0过户,长安CS75,,严选车,2015,09,2.86,1.8,,自动,7.00,7.32
北京BJ40 2016款 40L 2.3T 自动四驱尊享版 严选车降价急售0过户,北京BJ40,,严选车,2016,07,5.94,2.3,廊坊,自动,9.97,10.42
现代 途胜 2015款 1.6T 双离合两驱智能型 严选车0过户,现代,途胜,严选车,2016,09,2.58,1.6,廊坊,自动,11.60,19.50
宝马3系 2012款 320i 豪华型 严选车0过户,宝马3系,,严选车,2012,03,8.16,2.0,,自动,9.97,42.20
奥迪A6L 2014款 TFSI 标准型 严选车降价急售0过户,奥迪A6L,,严选车,2014,05,5.32,2.0,,自动,22.94,23.78
马自达CX-5 2013款 2.5L 自动四驱豪华型 严选车0过户,马自达CX-5,,严选车,2015,04,7.16,2.5,,自动,12.48,24.90
福特 蒙迪欧-致胜 2011款 2.0L GTDi200豪华型 严选车降价急售0过户,福特,蒙迪欧-致胜,严选车,2012,11,2.62,2.0,,自动,7.24,7.65
大众 宝来 2012款 1.6L 手动时尚型 严选车降价急售0过户,大众,宝来,严选车,2011,12,4.34,1.6,,手动,4.14,4.24
福特 翼虎 2015款 1.5L GTDi 四驱精英型 严选车降价急售0过户,福特,翼虎,严选车,2016,01,7.38,1.5,,自动,12.15,12.85
雪铁龙 世嘉 2014款 VTS版 1.6L 手动品尚型 严选车降价急售0过户,雪铁龙,世嘉,严选车,2015,08,1.5,1.6,,手动,5.40,5.57
雪佛兰 科帕奇 2012款 2.4L 四驱旗舰版 7座 严选车降价急售,雪佛兰,科帕奇,严选车,2013,09,5.15,2.4,,自动,8.53,9.01
大众 迈腾 2013款 1.8TSI 领先型 严选车降价急售,大众,迈腾,严选车,2014,07,8.33,1.8,,自动,11.00,11.18
路虎 揽胜极光 2018款 240PS SE DYNAMIC 智锐版 严选车准新车0过户,路虎,揽胜极光,严选车,2018,05,0.55,2.0,,自动,30.37,53.40
斯巴鲁 傲虎 2013款 2.5i 运动版 严选车降价急售0过户,斯巴鲁,傲虎,严选车,2012,10,15.56,2.5,,自动,11.34,12.06
宝马5系 2014款 535Li 领先型 严选车降价急售,宝马5系,,严选车,2015,01,7.34,3.0,,自动,31.20,31.81
MG6 2012款 掀背 1.8L 自动驾值版 严选车降价急售0过户,MG6,,严选车,2012,05,8.97,1.8,,自动,3.89,3.95
日产 天籁 2011款 2.5L XL领先版 严选车降价急售,日产,天籁,严选车,2012,07,6.07,2.5,,自动,9.28,9.73
奇瑞 瑞虎5 2014款 2.0L 手动家悦版 严选车0过户,奇瑞,瑞虎5,严选车,2014,10,6.79,2.0,,手动,3.87,10.80
日产 骐达 2011款 1.6L CVT智能型 严选车降价急售0过户,日产,骐达,严选车,2011,12,4.59,1.6,,自动,5.61,5.95
吉利 博越 2016款 1.8TD 自动四驱智尊型 严选车降价急售0过户,吉利,博越,严选车,2016,12,1,1.8,,自动,10.21,10.37
大众 Passat领驭 2011款 1.8T 自动尊享型 严选车,大众,Passat领驭,严选车,2012,04,16.91,1.8,,自动,6.15,21.30
路虎 揽胜极光 2015款 2.0T 五门智耀版 严选车0过户,路虎,揽胜极光,严选车,2015,05,1.14,2.0,,自动,24.55,50.80
宝马5系 2014款 525Li 豪华设计套装 严选车降价急售0过户,宝马5系,,严选车,2015,04,6.47,2.0,,自动,27.71,29.23
本田 歌诗图 2014款 2.4L 豪华版 严选车降价急售,本田,歌诗图,严选车,2014,09,4.91,2.4,,自动,14.15,14.85
宝马5系 2014款 525Li 豪华设计套装 严选车降价急售0过户,宝马5系,,严选车,2015,04,3.69,2.0,,自动,29.50,30.07
日产 奇骏 2014款 2.0L CVT舒适版 2WD 严选车降价急售0过户,日产,奇骏,严选车,2016,02,2.53,2.0,,自动,14.10,14.32
宝马5系 2014款 535Li 领先型 严选车降价急售,宝马5系,,严选车,2015,01,7.34,3.0,,自动,31.20,31.81
现代 全新胜达 2013款 2.4L 自动四驱尊贵型 严选车降价急售0过户,现代,全新胜达,严选车,2013,03,6.76,2.4,,自动,10.89,11.59
福特 翼虎 2013款 1.6L GTDi 四驱精英型 严选车降价急售,福特,翼虎,严选车,2013,05,6.86,1.6,,自动,9.64,10.24
大众 速腾 2012款 1.4TSI 自动旗舰版 严选车0过户,大众,速腾,严选车,2013,04,10.36,1.4,,自动,7.79,19.30
比亚迪S7 2016款 2.0T 自动旗舰型 严选车降价急售0过户,比亚迪S7,,严选车,2015,12,2.83,2.0,,自动,6.98,7.42
马自达 阿特兹 2015款 2.5L 蓝天至尊版 严选车降价急售0过户,马自达,阿特兹,严选车,2016,06,2.74,2.5,北京,自动,13.77,14.38
现代 全新胜达 2017款 2.0T 自动四驱智能型 7座 严选车降价急售准新车0过户,现代,全新胜达,严选车,2018,05,0.17,2.0,保定,自动,16.90,17.09
福特 福克斯 2012款 两厢 1.6L 自动舒适型 严选车降价急售,福特,福克斯,严选车,2014,06,4.45,1.6,保定,自动,5.53,5.74
大众 朗行 2015款 1.6L 自动舒适版 严选车降价急售,大众,朗行,严选车,2015,10,4.72,1.6,廊坊,自动,7.06,7.23
奔驰C级 2015款 改款 C 200 L 运动型 严选车降价急售,奔驰C级,,严选车,2015,11,8.58,2.0,,自动,22.50,23.55
奥迪A6L 2016款 TFSI 舒适型 严选车降价急售0过户,奥迪A6L,,严选车,2016,07,4.25,1.8,,自动,26.18,28.01
沃尔沃S60 2014款 T5 智雅版(进口) 严选车降价急售0过户,沃尔沃S60,,严选车,2013,09,4.13,2.0,,自动,12.80,13.01
奥迪Q5 2015款 40 TFSI 进取型 严选车降价急售,奥迪Q5,,严选车,2015,05,9.94,2.0,,自动,20.42,21.56
大众 帕萨特 2011款 2.0TSI DSG至尊版 严选车0过户,大众,帕萨特,严选车,2012,11,2.81,2.0,,自动,12.66,30.90
标致408 2011款 2.0L 自动舒适版 严选车降价急售0过户,标致408,,严选车,2011,10,9.59,2.0,,自动,3.85,3.91
斯巴鲁XV 2012款 2.0i 舒适版 严选车降价急售0过户,斯巴鲁XV,,严选车,2012,03,12.95,2.0,,自动,7.73,8.2
马自达5 2013款 2.0L 自动舒适型(进口) 严选车降价急售0过户,马自达5,,严选车,2016,04,3.39,2.0,,自动,10.89,11.42
大众 帕萨特 2015款 1.8TSI DSG御尊版 严选车0过户,大众,帕萨特,严选车,2015,08,12.38,1.8,,自动,13.25,26.00
启辰R50 2013款 1.6L 手动豪华版 严选车降价急售0过户,启辰R50,,严选车,2014,07,13.46,1.6,,手动,2.80,2.93
大众 夏朗 2016款 280TSI 乐享型 7座(进口) 严选车0过户,大众,夏朗,严选车,2017,06,0.77,1.4,,自动,18.59,29.30
别克 君威 2015款 2.0L 领先时尚型 严选车降价急售0过户,别克,君威,严选车,2015,07,7.67,2.0,,自动,9.94,10.18
荣威RX5 2016款 20T 两驱自动互联网智享版 严选车降价急售0过户,荣威RX5,,严选车,2017,01,1.52,1.5,,自动,9.67,9.91
大众 迈腾 2012款 改款 1.8TSI 领先型 严选车降价急售0过户,大众,迈腾,严选车,2013,01,10.16,1.8,,自动,11.04,11.31
长安CS75 2014款 1.8T 自动精英型 国V 严选车降价急售0过户,长安CS75,,严选车,2015,04,2.83,1.8,,自动,7.19,7.36
雪佛兰 科鲁兹 2013款 1.6L SE MT 严选车降价急售0过户,雪佛兰,科鲁兹,严选车,2013,08,9.51,1.6,保定,手动,3.58,3.75
中华V3 2016款 1.5L 自动舒适型 严选车降价急售0过户,中华V3,,严选车,2016,08,5.32,1.5,邯郸,自动,4.10,4.36
福特 翼虎 2015款 1.5L GTDi 两驱风尚型 严选车降价急售0过户,福特,翼虎,严选车,2015,05,3.63,1.5,石家庄,自动,11.00,11.21
奥迪Q7 2012款 3.0 TFSI 技术型(200kW)(进口) 严选车降价急售0过户,奥迪Q7,,严选车,2012,09,11.25,3.0,,自动,27.28,27.45
克莱斯勒300C 2014款 3.0L 卓越版(进口) 严选车降价急售0过户,克莱斯勒300C,,严选车,2016,06,5.07,3.0,,自动,18.18,18.61
日产 蓝鸟 2016款 1.6L CVT智酷版 严选车降价急售0过户,日产,蓝鸟,严选车,2016,11,2.02,1.6,,自动,8.66,8.86
奥迪A6L 2014款 TFSI 标准型 严选车0过户,奥迪A6L,,严选车,2015,03,10.43,2.0,,自动,22.88,44.50
福特 嘉年华 2013款 两厢 1.5L 手动风尚型 严选车降价急售0过户,福特,嘉年华,严选车,2013,11,7.55,1.5,天津,手动,3.14,3.26
奥迪A3 2014款 Limousine 35 TFSI 自动进取型 严选车0过户,奥迪A3,,严选车,2015,12,0.87,1.4,廊坊,自动,13.03,22.30
现代ix35 2015款 2.0L 手动两驱舒适型 国V 严选车降价急售0过户,现代ix35,,严选车,2015,06,5.13,2.0,石家庄,手动,7.12,7.2
福特 蒙迪欧-致胜 2011款 2.0L GTDi200时尚型 严选车降价急售0过户,福特,蒙迪欧-致胜,严选车,2013,02,6.89,2.0,唐山,自动,6.52,6.74
标致408 2016款 1.6T 自动豪华版 严选车0过户,标致408,,严选车,2016,12,8.6,1.6,张家口,自动,8.18,17.60
奔驰E级 2015款 E 200 L 严选车降价急售,奔驰E级,,严选车,2015,04,3.93,2.0,,自动,27.00,27.41
英菲尼迪Q50L 2018款 2.0T 逸享版 严选车降价急售准新车0过户,英菲尼迪Q50L,,严选车,2018,07,1.49,2.0,,自动,21.60,22.36
大众CC 2012款 2.0TSI 至尊型 严选车降价急售0过户,大众CC,,严选车,2012,07,9.28,2.0,,自动,12.17,12.94
本田CR-V 2012款 2.4L 四驱豪华版 严选车降价急售0过户,本田CR-V,,严选车,2013,11,4.07,2.4,,自动,13.19,14.06
荣威RX5 2016款 30T 两驱自动互联网智享版 严选车降价急售0过户,荣威RX5,,严选车,2017,12,2.38,2.0,,自动,10.66,10.83
福特 嘉年华 2013款 两厢 1.5L 手动风尚型 严选车降价急售0过户,福特,嘉年华,严选车,2013,11,7.55,1.5,天津,手动,3.14,3.26
斯柯达 晶锐 2014款 1.4L 自动晶致版 严选车降价急售,斯柯达,晶锐,严选车,2014,06,2.36,1.4,天津,自动,4.01,4.1
丰田 卡罗拉 2017款 改款 1.2T S-CVT GL-i 严选车0过户,丰田,卡罗拉,严选车,2017,10,0.76,1.2,石家庄,自动,10.36,14.10
比亚迪S6 2011款 2.0L 手动尊贵型 严选车降价急售0过户,比亚迪S6,,严选车,2012,02,6.56,2.0,保定,手动,3.14,3.21
宝马3系 2014款 320Li 时尚型 严选车0过户,宝马3系,,严选车,2014,10,6.04,2.0,,自动,16.22,38.90
福特 锐界 2015款 2.0T GTDi 两驱豪锐型 严选车降价急售0过户,福特,锐界,严选车,2015,08,6.78,2.0,,自动,17.30,18.19
本田CR-V 2012款 2.4L 四驱豪华版 严选车降价急售0过户,本田CR-V,,严选车,2013,11,4.07,2.4,,自动,13.19,14.06
大众 速腾 2015款 230TSI 自动舒适型 严选车降价急售0过户,大众,速腾,严选车,2015,05,15.45,1.4,,自动,7.92,8.51
哈弗H6 2014款 运动版 1.5T 手动两驱精英型 严选车降价急售0过户,哈弗H6,,严选车,2014,04,7.14,1.5,,手动,5.14,5.45
荣威RX5 2016款 30T 两驱自动互联网智享版 严选车降价急售0过户,荣威RX5,,严选车,2017,12,2.38,2.0,,自动,10.66,10.83
大众 宝来 2014款 1.6L 手动舒适型 严选车降价急售0过户,大众,宝来,严选车,2014,06,6.06,1.6,保定,手动,5.49,5.57
路虎 揽胜极光 2015款 2.0T 五门智耀版 严选车降价急售0过户,路虎,揽胜极光,严选车,2016,03,2.48,2.0,,自动,23.83,25.41
日产 楼兰 2017款 2.5L XL 两驱智尚版 严选车降价急售0过户,日产,楼兰,严选车,2017,07,2.99,2.5,,自动,19.51,20.47
MINI 2014款 1.2T ONE+ 严选车0过户,MINI,,严选车,2015,08,2.39,1.2,石家庄,自动,12.80,24.40
别克 威朗 2017款 三厢 15S 自动领先型 严选车0过户,别克,威朗,严选车,2017,08,4.65,1.5,廊坊,自动,8.68,16.80
福特 福克斯 2012款 三厢 1.6L 自动舒适型 严选车0过户,福特,福克斯,严选车,2012,11,4.41,1.6,天津,自动,4.51,14.20
大众 高尔夫 2012款 1.4TSI 自动舒适型 严选车降价急售0过户,大众,高尔夫,严选车,2013,01,6.15,1.4,天津,自动,6.92,7.09
比亚迪S7 2015款 2.0T 自动尊贵型 严选车降价急售0过户,比亚迪S7,,严选车,2015,10,3.6,2.0,张家口,自动,5.79,5.88
雪佛兰 迈锐宝 2013款 2.0L 自动豪华版 严选车降价急售,雪佛兰,迈锐宝,严选车,2013,05,11.24,2.0,,自动,7.13,7.3
奔驰GLA级 2015款 GLA 220 4MATIC 时尚型 严选车降价急售0过户,奔驰GLA级,,严选车,2016,05,3.3,2.0,,自动,21.60,22.13
Jeep 自由客 2011款 2.4 经典版(进口) 严选车降价急售0过户,Jeep,自由客,严选车,2011,11,6.71,2.4,,自动,8.43,9.11
奥迪Q5 2013款 40 TFSI 舒适型 严选车降价急售0过户,奥迪Q5,,严选车,2014,01,10.39,2.0,,自动,22.17,23.25
奔驰C级 2016款 C 200 L 运动型 严选车降价急售0过户,奔驰C级,,严选车,2016,10,4.21,2.0,北京,自动,26.10,26.44
现代 全新胜达 2013款 2.4L 自动两驱智能型 严选车降价急售0过户,现代,全新胜达,严选车,2013,04,7.91,2.4,廊坊,自动,9.80,10.05
福特 福克斯 2012款 三厢 1.6L 自动舒适型 严选车0过户,福特,福克斯,严选车,2012,11,4.41,1.6,天津,自动,4.51,14.20
别克 凯越 2013款 1.5L 手动经典型 严选车降价急售0过户,别克,凯越,严选车,2014,12,4,1.5,廊坊,手动,3.95,4.14
标致2008 2014款 1.6L 自动领航版 严选车降价急售0过户,标致2008,,严选车,2014,07,3.16,1.6,石家庄,自动,5.99,6.19
本田 思域 2016款 220TURBO 手动豪华版 严选车降价急售0过户,本田,思域,严选车,2017,08,3.71,1.5,,手动,10.00,10.38
现代 全新胜达 2013款 3.0L 四驱尊享版 7座 欧IV(进口) 严选车降价急售0过户,现代,全新胜达,严选车,2013,03,4.89,3.0,,自动,11.67,12.33
丰田 花冠 2013款 1.6L 自动卓越版 严选车降价急售0过户,丰田,花冠,严选车,2014,01,3.7,1.6,天津,自动,5.94,6.03
福特 翼虎 2013款 1.6L GTDi 四驱精英型 严选车降价急售0过户,福特,翼虎,严选车,2013,12,7.9,1.6,,自动,8.72,9.48
本田 奥德赛 2017款 2.4L 豪华版 严选车降价急售0过户,本田,奥德赛,严选车,2017,10,4.84,2.4,,自动,21.28,21.8
大众 捷达 2013款 1.6L 手动舒适型 严选车0过户,大众,捷达,严选车,2013,04,6.57,1.6,,手动,4.35,10.70
福特 翼虎 2015款 1.5L GTDi 两驱风尚型 严选车降价急售0过户,福特,翼虎,严选车,2015,09,4.31,1.5,,自动,11.27,11.9
大众 速腾 2012款 1.4TSI 自动豪华型 严选车降价急售0过户,大众,速腾,严选车,2012,10,9.17,1.4,天津,自动,6.72,6.82
宝马5系 2012款 520Li 典雅型 严选车降价急售0过户,宝马5系,,严选车,2012,08,11.57,2.5,,自动,18.99,19.17
奔驰E级 2011款 E 200 L CGI优雅型 严选车降价急售0过户,奔驰E级,,严选车,2011,11,7.34,1.8,,自动,15.17,16.49
奔驰C级 2016款 C 200 L 运动型 严选车降价急售0过户,奔驰C级,,严选车,2017,01,3.95,2.0,,自动,26.74,27.17
吉利 远景X3 2017款 1.5L 自动尊贵型 严选车准新车0过户,吉利,远景X3,严选车,2018,03,0.08,1.5,,自动,5.41,7.20
英菲尼迪Q50L 2016款 2.0T 进取版 严选车降价急售0过户,英菲尼迪Q50L,,严选车,2017,06,3.67,2.0,廊坊,自动,19.24,19.71
标致408 2016款 1.6T 自动豪华版 严选车降价急售0过户,标致408,,严选车,2016,11,3.95,1.6,唐山,自动,8.87,9.21
宝马3系 2014款 320Li 时尚型 严选车0过户,宝马3系,,严选车,2013,12,8.55,2.0,,自动,16.76,38.90
别克 君越 2016款 28T 旗舰型 严选车降价急售,别克,君越,严选车,2017,04,2.79,2.0,,自动,19.10,19.4
Jeep 自由光 2017款 2.4L 优越版 严选车降价急售0过户,Jeep,自由光,严选车,2018,03,3.9,2.4,,自动,16.63,17.59
奥迪A6L 2014款 TFSI 舒适型 严选车降价急售0过户,奥迪A6L,,严选车,2014,09,9.83,2.0,,自动,22.07,23.14
日产 骊威 2013款 1.6XL CVT豪华版 严选车降价急售0过户,日产,骊威,严选车,2013,07,9.85,1.6,,自动,5.04,5.16
MG 锐腾 2015款 1.5TGI 手动精英版 严选车降价急售0过户,MG,锐腾,严选车,2016,03,3.16,1.5,,手动,6.06,6.15
大众 凌渡 2015款 280TSI DSG舒适版 严选车降价急售0过户,大众,凌渡,严选车,2016,01,5.82,1.4,石家庄,自动,11.32,11.75
北京BJ40 2016款 40L 2.3T 自动四驱尊享版 严选车降价急售0过户,北京BJ40,,严选车,2017,10,1.17,2.3,,自动,12.30,12.7
奔驰GLK级 2013款 GLK 300 4MATIC 动感天窗型 严选车0过户,奔驰GLK级,,严选车,2014,03,5.95,3.0,,自动,23.10,47.50
大众 帕萨特 2011款 1.8TSI 自动尊荣版 严选车降价急售0过户,大众,帕萨特,严选车,2012,04,8.91,1.8,,自动,9.63,9.78
日产 楼兰 2015款 2.5L XL 两驱智尚版 严选车降价急售0过户,日产,楼兰,严选车,2016,03,3.72,2.5,,自动,18.76,19.21
奔驰E级 2012款 E 200 L CGI优雅型 严选车降价急售0过户,奔驰E级,,严选车,2012,09,13.52,1.8,,自动,16.46,16.89
大众 迈腾 2012款 改款 2.0TSI 至尊型 严选车降价急售0过户,大众,迈腾,严选车,2012,06,13.36,2.0,,自动,10.19,10.76
荣威350 2014款 1.5L 自动迅悦版 严选车0过户,荣威350,,严选车,2015,01,8.34,1.5,石家庄,自动,3.99,10.80
大众 朗逸 2015款 230TSI 手动舒适版 严选车降价急售0过户,大众,朗逸,严选车,2016,01,11.65,1.4,石家庄,手动,6.88,6.96
宝马5系 2014款 525Li 领先型 严选车降价急售0过户,宝马5系,,严选车,2015,11,11.49,2.0,石家庄,自动,25.36,25.76
凯迪拉克SRX 2013款 3.0L 领先型(进口) 严选车降价急售0过户,凯迪拉克SRX,,严选车,2013,03,7,3.0,,自动,16.81,17.97
本田 奥德赛 2015款 2.4L 至尊版 严选车,本田,奥德赛,严选车,2015,04,6.12,2.4,,自动,18.23,32.50
奔驰E级 2014款 改款 E 260 L 运动豪华型 严选车降价急售,奔驰E级,,严选车,2014,03,7.55,1.8,,自动,26.40,26.82
宝马5系 2012款 523Li 豪华型 严选车降价急售0过户,宝马5系,,严选车,2012,04,10.92,2.5,,自动,20.85,21.2
宝沃汽车 宝沃BX7 2016款 28T 两驱精英版 5座 严选车降价急售0过户,宝沃汽车,宝沃BX7,严选车,2017,09,4.46,2.0,,自动,11.69,12.26
大众 迈腾 2013款 1.8TSI 领先型 严选车降价急售0过户,大众,迈腾,严选车,2013,05,7.21,1.8,,自动,10.66,11.49
北汽 BJ212 2016款 2.0L 方门 四驱豪华型 国IV 严选车降价急售0过户,北汽,BJ212,严选车,2016,07,0.49,2.0,唐山,手动,3.93,4.11
沃尔沃XC60 2015款 T5 AWD 智驭版 严选车降价急售0过户,沃尔沃XC60,,严选车,2015,12,10.72,2.0,廊坊,自动,18.96,19.43
大众 凌渡 2015款 280TSI DSG舒适版 严选车降价急售0过户,大众,凌渡,严选车,2015,10,7.33,1.4,,自动,11.30,11.58
福特 蒙迪欧 2013款 1.5L GTDi180时尚型 严选车降价急售0过户,福特,蒙迪欧,严选车,2016,12,5.69,1.5,沧州,自动,10.69,10.95
本田 奥德赛 2015款 2.4L 至尊版 严选车,本田,奥德赛,严选车,2015,04,6.12,2.4,,自动,18.23,32.50
别克 君越 2018款 28T 精英型 严选车降价急售准新车0过户,别克,君越,严选车,2018,01,0.66,2.0,,自动,19.53,20.01
标致308 2014款 乐享版 经典 1.6L 自动优尚型 严选车降价急售0过户,标致308,,严选车,2015,12,3.09,1.6,石家庄,自动,5.28,5.41
大众 凌渡 2015款 280TSI DSG舒适版 严选车降价急售0过户,大众,凌渡,严选车,2015,10,7.33,1.4,,自动,11.30,11.58
福特 福克斯 2012款 两厢 1.6L 自动风尚型 严选车降价急售0过户,福特,福克斯,严选车,2013,07,4.26,1.6,保定,自动,5.08,5.36
比亚迪S7 2016款 2.0T 自动尊贵型Plus 严选车降价急售0过户,比亚迪S7,,严选车,2016,11,3.24,2.0,廊坊,自动,7.11,7.43
标致3008 2013款 1.6THP 自动至尚版 严选车降价急售0过户,标致3008,,严选车,2013,05,4.81,1.6,保定,自动,7.52,7.62
吉利 帝豪GS 2016款 优雅版 1.3T 自动领尚型 严选车0过户,吉利,帝豪GS,严选车,2017,01,1.29,1.3,,自动,6.90,10.30
凯迪拉克XTS 2016款 28T 精英型 严选车降价急售,凯迪拉克XTS,,严选车,2016,08,8.65,2.0,,自动,20.21,20.71
长安CS75 2018款 280T 自动雅智型 严选车准新车0过户,长安CS75,,严选车,2018,10,0.27,1.5,,自动,11.15,14.80
奔驰B级 2009款 B 200 时尚型(进口) 严选车降价急售0过户,奔驰B级,,严选车,2011,05,9.99,2.0,,自动,7.24,7.8
福特 福克斯 2015款 两厢 1.6L 手动舒适型 严选车0过户,福特,福克斯,严选车,2016,10,1.57,1.6,廊坊,手动,5.90,12.40
现代 名图 2016款 1.6T 自动旗舰型TOP 严选车0过户,现代,名图,严选车,2016,08,3.32,1.6,廊坊,自动,10.64,18.40
长安 悦翔V3 2015款 1.4L 手动温馨型 国V 严选车降价急售0过户,长安,悦翔V3,严选车,2016,03,2.25,1.4,张家口,手动,2.54,2.58
英菲尼迪Q50L 2018款 2.0T 进享版 严选车降价急售准新车0过户,英菲尼迪Q50L,,严选车,2018,07,0.84,2.0,,自动,22.80,23.12
福特 锐界 2016款 EcoBoost 245 两驱豪锐型 7座 严选车降价急售0过户,福特,锐界,严选车,2016,09,3.36,2.0,,自动,19.69,20.17
福特 蒙迪欧 2013款 2.0L GTDi240豪华运动型 严选车降价急售,福特,蒙迪欧,严选车,2014,03,10.55,2.0,,自动,10.28,11.05
Jeep 自由侠 2017款 180TS 自动四驱越能版 严选车降价急售0过户,Jeep,自由侠,严选车,2017,10,1.51,2.0,,自动,12.96,13.28
大众 迈腾 2012款 2.0TSI 至尊型 严选车降价急售,大众,迈腾,严选车,2011,11,11.23,2.0,,自动,10.11,10.25
现代 新胜达 2011款 2.4 豪华版 七座两驱(进口) 严选车降价急售0过户,现代,新胜达,严选车,2011,08,9.21,2.4,,自动,7.24,7.98
别克 英朗 2011款 GT 1.8L 自动时尚版真皮款 严选车0过户,别克,英朗,严选车,2011,08,8.39,1.8,张家口,自动,4.32,17.90
大众 帕萨特 2013款 1.8TSI DSG御尊版 严选车0过户,大众,帕萨特,严选车,2013,10,7.16,1.8,天津,自动,10.51,26.00
别克 昂科拉 2013款 1.4T 自动两驱领先型 严选车降价急售0过户,别克,昂科拉,严选车,2013,11,5.29,1.4,天津,自动,5.82,6.1
马自达CX-4 2016款 2.0L 自动两驱蓝天品位版 严选车降价急售,马自达CX-4,,严选车,2017,07,0.83,2.0,,自动,13.40,13.73
英菲尼迪Q70L 2015款 Q70L 2.5L 精英版(进口) 严选车0过户,英菲尼迪Q70L,,严选车,2016,03,5.25,2.5,天津,自动,24.68,43.40
MINI Countryman 2011款 1.6L ONE 严选车降价急售,MINI,Countryman,严选车,2012,03,3.58,1.6,,自动,11.53,12.46
雷诺 科雷嘉 2017款 2.0L 两驱舒适版 严选车,雷诺,科雷嘉,严选车,2017,11,2,2.0,廊坊,自动,10.76,17.80
长安CS75 2014款 2.0L 手动豪华型 国IV 严选车降价急售0过户,长安CS75,,严选车,2015,09,6.37,2.0,石家庄,手动,5.37,5.71
长安商用 长安CX70 2017款 改款 CX70T 1.5T 手动豪擎版 严选车降价急售0过户,长安商用,长安CX70,严选车,2017,03,1.41,1.5,廊坊,手动,5.50,5.75
奔驰C级 2016款 C 180 L 运动型 严选车降价急售0过户,奔驰C级,,严选车,2016,05,3.84,1.6,,自动,22.57,24.15
奥迪Q5 2012款 2.0TFSI 进取型 严选车降价急售0过户,奥迪Q5,,严选车,2012,07,11.63,2.0,,自动,15.89,16.28
大众 帕萨特 2015款 1.8TSI DSG尊荣版 严选车降价急售0过户,大众,帕萨特,严选车,2015,10,8.98,1.8,廊坊,自动,12.50,13.33
日产 楼兰 2017款 2.5L XL 两驱智尚版 严选车降价急售,日产,楼兰,严选车,2017,12,5.99,2.5,,自动,18.49,19.82
长安CS95 2017款 2.0T 两驱智远版 严选车降价急售0过户,长安CS95,,严选车,2017,05,2.04,2.0,,自动,10.94,11.67
马自达6 2015款 2.0L 自动豪华型 严选车降价急售0过户,马自达6,,严选车,2015,04,5.84,2.0,石家庄,自动,7.64,7.76
日产 天籁 2011款 2.5L XL荣耀版 严选车降价急售0过户,日产,天籁,严选车,2012,06,13.44,2.5,,自动,7.96,8.66
宝马X1 2016款 sDrive18Li 尊享型 严选车降价急售0过户,宝马X1,,严选车,2017,02,2.09,1.5,唐山,自动,19.80,20.24
现代 领动 2016款 1.4T 双离合炫动・活力型 严选车降价急售0过户,现代,领动,严选车,2016,12,6.42,1.4,廊坊,自动,7.87,8.18
吉利 博越 2016款 1.8TD 自动智尊型 严选车降价急售0过户,吉利,博越,严选车,2017,03,4.98,1.8,沧州,自动,8.62,9.11
奔驰GLK级 2014款 GLK 260 4MATIC 动感型 严选车0过户,奔驰GLK级,,严选车,2014,07,8.61,2.0,,自动,22.34,43.20
福特 福克斯 2012款 两厢 1.6L 自动风尚型 严选车降价急售0过户,福特,福克斯,严选车,2013,03,8.84,1.6,廊坊,自动,4.97,5.32
大众 高尔夫 2012款 1.6 手动舒适型 严选车降价急售,大众,高尔夫,严选车,2014,01,8.54,1.6,,手动,6.22,6.3
大众 高尔夫 2012款 1.6 手动舒适型 严选车降价急售,大众,高尔夫,严选车,2014,01,8.54,1.6,,手动,6.22,6.3
大众 帕萨特 2011款 1.8TSI DSG御尊版 严选车降价急售0过户,大众,帕萨特,严选车,2012,04,13.84,1.8,,自动,9.93,10.67
雪佛兰 科帕奇 2014款 2.4L 四驱旗舰版 7座 严选车0过户,雪佛兰,科帕奇,严选车,2015,07,4.28,2.4,邯郸,自动,9.68,22.80
吉利 博越 2016款 1.8TD 自动智尊型 严选车降价急售0过户,吉利,博越,严选车,2016,11,2.04,1.8,唐山,自动,9.13,9.35
福田 萨瓦纳 2017款 2.0T 自动四驱汽油旗舰版7座 严选车降价急售0过户,福田,萨瓦纳,严选车,2016,08,2.53,2.0,石家庄,自动,9.70,9.95
别克 君越 2016款 20T 豪华型 严选车,别克,君越,严选车,2016,09,4.83,1.5,邯郸,自动,15.76,28.20
大众 桑塔纳 2015款 浩纳 1.6L 自动舒适型 严选车降价急售0过户,大众,桑塔纳,严选车,2016,06,3.63,1.6,石家庄,自动,6.97,7.08
长安CS35 2015款 1.6L 手动豪华型 国V 严选车降价急售0过户,长安CS35,,严选车,2015,05,6.25,1.6,保定,手动,4.00,4.22
比亚迪 思锐 2013款 1.5TID 自动尊贵型 严选车,比亚迪,思锐,严选车,2013,11,8.33,1.5,北京,自动,4.00,13.10
马自达CX-4 2016款 2.0L 自动两驱蓝天活力版 严选车降价急售0过户,马自达CX-4,,严选车,2016,08,5.77,2.0,廊坊,自动,11.27,11.88
北汽绅宝 绅宝D70 2013款 2.0T 豪华版 严选车0过户,北汽绅宝,绅宝D70,严选车,2014,04,4.72,2.0,石家庄,自动,4.79,19.70
标致408 2015款 1.2T 自动豪华版 严选车降价急售0过户,标致408,,严选车,2016,01,12.77,1.2,石家庄,自动,7.10,7.34
奥迪A6L 2014款 TFSI 标准型 严选车0过户,奥迪A6L,,严选车,2015,04,3.26,2.0,,自动,25.85,44.50
别克 君威 2015款 2.0L 领先时尚型 严选车降价急售0过户,别克,君威,严选车,2015,07,6.65,2.0,石家庄,自动,8.54,9.22
雪佛兰 迈锐宝XL 2016款 2.5L 自动锐尊版 严选车0过户,雪佛兰,迈锐宝XL,严选车,2016,09,1.84,2.5,石家庄,自动,14.11,27.10
长安CS35 2016款 1.6L 手动豪华型 国V 严选车降价急售0过户,长安CS35,,严选车,2016,08,2.56,1.6,石家庄,手动,4.85,4.97
比亚迪S7 2015款 2.0T 升级版 自动尊贵型 严选车降价急售,比亚迪S7,,严选车,2016,02,4.8,2.0,,自动,5.89,6.52
别克 昂科威 2018款 28T 四驱豪华型 严选车0过户,别克,昂科威,严选车,2017,12,0.44,2.0,廊坊,自动,18.89,31.50
别克 昂科威 2017款 28T 四驱精英型 严选车降价急售,别克,昂科威,严选车,2016,11,2.98,2.0,天津,自动,15.81,16.46
别克GL8 2015款 2.4L 豪华商务尊享版 严选车0过户,别克GL8,,严选车,2017,01,5.31,2.4,保定,自动,19.22,33.60
别克GL6 2018款 18T 6座精英型 严选车准新车0过户,别克GL6,,严选车,2018,06,0.88,1.3,,自动,10.43,15.70
荣威RX5 2016款 20T 两驱手动旗舰版 严选车0过户,荣威RX5,,严选车,2017,01,2.17,1.5,石家庄,手动,7.51,13.00
马自达CX-5 2015款 2.0L 自动两驱都市型 严选车降价急售0过户,马自达CX-5,,严选车,2017,01,1.34,2.0,石家庄,自动,13.54,13.99
丰田 雷凌 2017款 1.2T V CVT豪华版 严选车降价急售,丰田,雷凌,严选车,2017,03,2.21,1.2,天津,自动,9.09,9.61
北京BJ40 2016款 40L 2.3T 自动四驱尊享版 严选车降价急售,北京BJ40,,严选车,2017,05,1.65,2.3,天津,自动,11.77,12.02
别克 凯越 2015款 1.5L 手动经典型 严选车降价急售,别克,凯越,严选车,2015,09,3.03,1.5,天津,手动,4.07,4.14
长安CS95 2017款 2.0T 两驱智拓版 严选车降价急售0过户,长安CS95,,严选车,2017,11,1,2.0,保定,自动,11.30,11.66
起亚K4 2017款 1.6T 自动T-DLX Turbo 严选车0过户,起亚K4,,严选车,2017,02,3.37,1.6,保定,自动,10.26,17.30
吉利 博越 2016款 1.8TD 自动智慧型 严选车降价急售,吉利,博越,严选车,2017,11,2.04,1.8,天津,自动,9.95,10.44
江淮 瑞风M5 2016款 2.0T 汽油自动公务版 严选车降价急售,江淮,瑞风M5,严选车,2016,06,3.32,2.0,天津,自动,8.25,8.74
福特 福睿斯 2015款 1.5L 自动时尚型 严选车0过户,福特,福睿斯,严选车,2017,04,3.49,1.5,石家庄,自动,6.90,13.00
现代 朗动 2015款 1.6L 自动领先型 严选车0过户,现代,朗动,严选车,2016,02,6.94,1.6,天津,自动,6.81,13.90
大众 桑塔纳 2015款 浩纳 1.6L 自动舒适型 严选车降价急售,大众,桑塔纳,严选车,2016,06,4.04,1.6,天津,自动,6.90,7.08
菲亚特 致悦 2014款 1.4T 自动时尚版 严选车0过户,菲亚特,致悦,严选车,2015,09,3.03,1.4,衡水,自动,5.71,13.30
大众 宝来 2016款 1.6L 自动舒适型 严选车降价急售0过户,大众,宝来,严选车,2016,07,4.21,1.6,,自动,8.02,8.23
吉利 博越 2018款 1.8TD 自动两驱智尊型4G互联版 严选车降价急售准新车0过户,吉利,博越,严选车,2018,02,0.76,1.8,唐山,自动,11.08,11.28
大众 凌渡 2015款 330TSI DSG舒适版 严选车,大众,凌渡,严选车,2016,01,2.5,1.8,天津,自动,12.73,21.20
